{
	"info": {
		"_postman_id": "fc81ab50-fbea-47e6-9503-cee02adf65d5",
		"name": "ApiNodePMN",
		"schema": "https://schema.getpostman.com/json/collection/v2.1.0/collection.json"
	},
	"item": [
		{
			"name": "Posts",
			"item": [
				{
					"name": "GET /posts",
					"request": {
						"method": "GET",
						"header": [
							{
								"key": "Authorization",
								"value": "eyJhbGciOiJIUzI1NiIsInR5cCI6IkpXVCJ9.eyJlbWFpbCI6ImphY3F1ZXNAZXhlbXBsZS5jb20iLCJyb2xlIjoidXNlciIsImlhdCI6MTY2MTg2NzI3OSwiZXhwIjoxNjY0NDU5Mjc5fQ.vAq4twfScvCrc9vPMHgoB9IbMB9LuZnOFnYo9emvsk8",
								"type": "text"
							}
						],
						"url": {
							"raw": "localhost:3000/posts",
							"host": [
								"localhost"
							],
							"port": "3000",
							"path": [
								"posts"
							]
						}
					},
					"response": []
				},
				{
					"name": "POST /posts",
					"request": {
						"method": "POST",
						"header": [],
						"body": {
							"mode": "urlencoded",
							"urlencoded": [
								{
									"key": "title",
									"value": "test 3",
									"type": "text"
								},
								{
									"key": "content",
									"value": "toto",
									"type": "text"
								}
							],
							"options": {
								"raw": {
									"language": "json"
								}
							}
						},
						"url": {
							"raw": "localhost:3000/posts",
							"host": [
								"localhost"
							],
							"port": "3000",
							"path": [
								"posts"
							]
						}
					},
					"response": []
				},
				{
					"name": "GET /posts/:post_id",
					"request": {
						"method": "GET",
						"header": [],
						"url": {
							"raw": "localhost:3000/posts/630dfccf989a3fbc1d75ef81",
							"host": [
								"localhost"
							],
							"port": "3000",
							"path": [
								"posts",
								"630dfccf989a3fbc1d75ef81"
							]
						}
					},
					"response": []
				},
				{
					"name": "PUT /posts/:post_id",
					"request": {
						"method": "PUT",
						"header": [],
						"body": {
							"mode": "urlencoded",
							"urlencoded": [
								{
									"key": "title",
									"value": "new title 2",
									"type": "text"
								}
							]
						},
						"url": {
							"raw": "localhost:3000/posts/630dfccf989a3fbc1d75ef81",
							"host": [
								"localhost"
							],
							"port": "3000",
							"path": [
								"posts",
								"630dfccf989a3fbc1d75ef81"
							]
						}
					},
					"response": []
				},
				{
					"name": "DELETE /posts/:post_id",
					"request": {
						"method": "DELETE",
						"header": [],
						"url": {
							"raw": "localhost:3000/posts/630dfccf989a3fbc1d75ef81",
							"host": [
								"localhost"
							],
							"port": "3000",
							"path": [
								"posts",
								"630dfccf989a3fbc1d75ef81"
							]
						}
					},
					"response": []
				}
			]
		},
		{
			"name": "Comments",
			"item": [
				{
					"name": "GET /posts/:post_id/comments",
					"request": {
						"method": "GET",
						"header": [],
						"url": {
							"raw": "localhost:3000/posts/630f5193b5a57a013c495bb5/comments",
							"host": [
								"localhost"
							],
							"port": "3000",
							"path": [
								"posts",
								"630f5193b5a57a013c495bb5",
								"comments"
							]
						}
					},
					"response": []
				},
				{
					"name": "POST /posts/:post_id/comments",
					"request": {
						"method": "POST",
						"header": [],
						"body": {
							"mode": "urlencoded",
							"urlencoded": [
								{
									"key": "name",
									"value": "jacques",
									"type": "text"
								},
								{
									"key": "message",
									"value": "test",
									"type": "text"
								}
							]
						},
						"url": {
							"raw": "localhost:3000/posts/630dfcd1989a3fbc1d75ef83/comments",
							"host": [
								"localhost"
							],
							"port": "3000",
							"path": [
								"posts",
								"630dfcd1989a3fbc1d75ef83",
								"comments"
							]
						}
					},
					"response": []
				},
				{
					"name": "GET /comments/:comment_id",
					"request": {
						"method": "GET",
						"header": [],
						"url": {
							"raw": "localhost:3000/comments/630e01e8de361e347216d12a",
							"host": [
								"localhost"
							],
							"port": "3000",
							"path": [
								"comments",
								"630e01e8de361e347216d12a"
							]
						}
					},
					"response": []
				},
				{
					"name": "PUT /comments/:comment_id",
					"request": {
						"method": "PUT",
						"header": [],
						"body": {
							"mode": "urlencoded",
							"urlencoded": [
								{
									"key": "name",
									"value": "michel",
									"type": "text"
								}
							]
						},
						"url": {
							"raw": "localhost:3000/comments/630e01e8de361e347216d12a",
							"host": [
								"localhost"
							],
							"port": "3000",
							"path": [
								"comments",
								"630e01e8de361e347216d12a"
							]
						}
					},
					"response": []
				},
				{
					"name": "DELETE /comments/:comment_id",
					"request": {
						"method": "DELETE",
						"header": [],
						"url": {
							"raw": "localhost:3000/comments/630e01e8de361e347216d12a",
							"host": [
								"localhost"
							],
							"port": "3000",
							"path": [
								"comments",
								"630e01e8de361e347216d12a"
							]
						}
					},
					"response": []
				}
			]
		},
		{
			"name": "Users",
			"item": [
				{
					"name": "POST /users/register",
					"request": {
						"method": "POST",
						"header": [],
						"body": {
							"mode": "urlencoded",
							"urlencoded": [
								{
									"key": "email",
									"value": "jacques@exemple.comagaad",
									"type": "text"
								},
								{
									"key": "password",
									"value": "12345",
									"type": "text"
								},
								{
									"key": "role",
									"value": "admin",
									"type": "text"
								}
							]
						},
						"url": {
							"raw": "localhost:3000/users/register",
							"host": [
								"localhost"
							],
							"port": "3000",
							"path": [
								"users",
								"register"
							]
						}
					},
					"response": []
				},
				{
					"name": "POST /users/login",
					"request": {
						"method": "POST",
						"header": [],
						"body": {
							"mode": "urlencoded",
							"urlencoded": [
								{
									"key": "email",
									"value": "jacques@exemple.comaga",
									"type": "text"
								},
								{
									"key": "password",
									"value": "12345",
									"type": "text"
								}
							]
						},
						"url": {
							"raw": "localhost:3000/users/login",
							"host": [
								"localhost"
							],
							"port": "3000",
							"path": [
								"users",
								"login"
							]
						}
					},
					"response": []
				}
			]
		}
	]
}